{
	"Version": 3,
	"Parameters": [
		{
			"Id": "ParamMouthX",
			"GroupId": "ParamGroup2",
			"Name": "MouthX"
		},
		{
			"Id": "ParamMouthOpen",
			"GroupId": "ParamGroup2",
			"Name": "MouthOpen"
		},
		{
			"Id": "ParamMouthForm",
			"GroupId": "ParamGroup2",
			"Name": "MouthForm"
		},
		{
			"Id": "ParamSilence",
			"GroupId": "ParamGroup2",
			"Name": "Silence"
		},
		{
			"Id": "ParamA",
			"GroupId": "ParamGroup2",
			"Name": "A"
		},
		{
			"Id": "ParamI",
			"GroupId": "ParamGroup2",
			"Name": "I"
		},
		{
			"Id": "ParamU",
			"GroupId": "ParamGroup2",
			"Name": "U"
		},
		{
			"Id": "ParamE",
			"GroupId": "ParamGroup2",
			"Name": "E"
		},
		{
			"Id": "ParamO",
			"GroupId": "ParamGroup2",
			"Name": "O"
		}
	],
	"ParameterGroups": [
		{
			"Id": "ParamGroup2",
			"GroupId": "",
			"Name": "Mouth"
		}
	],
	"Parts": [
		{
			"Id": "mouth",
			"Name": "mouth"
		}
	]
}