{
    "Version": 1,
    "Name": "AIUEO Vowel Mouth",
    "ModelID": "e9541bd64a8d403392e3b1a48ad2e0bc",
    "FileReferences": {
        "Icon": "icon.png",
        "Model": "aaa_BlendshapeMouthExample.model3.json",
        "IdleAnimation": "",
        "IdleAnimationWhenTrackingLost": ""
    },
    "ModelSaveMetadata": {
        "LastSavedVTubeStudioVersion": "1.27.4",
        "LastSavedPlatform": "Steam",
        "LastSavedDateUTC": "Saturday, 09 September 2023, 12:02:09",
        "LastSavedDateLocalTime": "Saturday, 09 September 2023, 14:02:09",
        "LastSavedDateUnixMillisecondTimestamp": "1694260929588"
    },
    "SavedModelPosition": {
        "Position": {
            "x": 3.185579299926758,
            "y": -25.48650550842285,
            "z": 0.0
        },
        "Rotation": {
            "x": 0.0,
            "y": 0.0,
            "z": 0.0,
            "w": 1.0
        },
        "Scale": {
            "x": 0.8897912502288818,
            "y": 0.8897912502288818,
            "z": 1.0
        }
    },
    "ModelPositionMovement": {
        "Use": false,
        "X": 6,
        "Y": 8,
        "Z": 11,
        "SmoothingX": 10,
        "SmoothingY": 10,
        "SmoothingZ": 10
    },
    "ItemSettings": {
        "OnlyMoveWhenPinned": false,
        "AllowNormalHotkeyTriggers": true,
        "Multiplier_HeadAngleX": 1.0,
        "Multiplier_HeadAngleY": 1.0,
        "Multiplier_HeadAngleZ": 1.0,
        "Shift_HeadAngleX": 0.0,
        "Shift_HeadAngleY": 0.0,
        "Smoothing_HeadAngleX": 15.0,
        "Smoothing_HeadAngleY": 15.0,
        "Smoothing_HeadAngleZ": 15.0
    },
    "PhysicsSettings": {
        "Use": true,
        "UseLegacyPhysics": false,
        "Live2DPhysicsFPS": 3,
        "PhysicsStrength": 50,
        "WindStrength": 0,
        "DraggingPhysicsStrength": 0
    },
    "GeneralSettings": {
        "TimeUntilTrackingLostIdleAnimation": 0.0,
        "WorkshopSharingForbidden": true,
        "EnableExpressionSaving": false
    },
    "ParameterSettings": [
        {
            "Folder": "",
            "Name": "MouthX",
            "Input": "MouthX",
            "InputRangeLower": -1.0,
            "InputRangeUpper": 1.0,
            "OutputRangeLower": -1.0,
            "OutputRangeUpper": 1.0,
            "ClampInput": false,
            "ClampOutput": false,
            "UseBlinking": false,
            "UseBreathing": false,
            "OutputLive2D": "ParamMouthX",
            "Smoothing": 0,
            "Minimized": false
        },
        {
            "Folder": "",
            "Name": "Mouth Open",
            "Input": "MouthOpen",
            "InputRangeLower": 0.0,
            "InputRangeUpper": 1.0,
            "OutputRangeLower": 0.0,
            "OutputRangeUpper": 1.0,
            "ClampInput": false,
            "ClampOutput": false,
            "UseBlinking": false,
            "UseBreathing": false,
            "OutputLive2D": "ParamMouthOpen",
            "Smoothing": 0,
            "Minimized": false
        },
        {
            "Folder": "",
            "Name": "Mouth Form",
            "Input": "MouthSmile",
            "InputRangeLower": 0.0,
            "InputRangeUpper": 1.0,
            "OutputRangeLower": -1.0,
            "OutputRangeUpper": 1.0,
            "ClampInput": false,
            "ClampOutput": false,
            "UseBlinking": false,
            "UseBreathing": false,
            "OutputLive2D": "ParamMouthForm",
            "Smoothing": 0,
            "Minimized": false
        },
        {
            "Folder": "",
            "Name": "Silence",
            "Input": "VoiceSilence",
            "InputRangeLower": 0.0,
            "InputRangeUpper": 1.0,
            "OutputRangeLower": 0.0,
            "OutputRangeUpper": 1.0,
            "ClampInput": false,
            "ClampOutput": false,
            "UseBlinking": false,
            "UseBreathing": false,
            "OutputLive2D": "ParamSilence",
            "Smoothing": 0,
            "Minimized": false
        },
        {
            "Folder": "",
            "Name": "Phoneme A",
            "Input": "VoiceA",
            "InputRangeLower": 0.0,
            "InputRangeUpper": 1.0,
            "OutputRangeLower": 0.0,
            "OutputRangeUpper": 1.0,
            "ClampInput": false,
            "ClampOutput": false,
            "UseBlinking": false,
            "UseBreathing": false,
            "OutputLive2D": "ParamA",
            "Smoothing": 0,
            "Minimized": false
        },
        {
            "Folder": "",
            "Name": "Phoneme I",
            "Input": "VoiceI",
            "InputRangeLower": 0.0,
            "InputRangeUpper": 1.0,
            "OutputRangeLower": 0.0,
            "OutputRangeUpper": 1.0,
            "ClampInput": false,
            "ClampOutput": false,
            "UseBlinking": false,
            "UseBreathing": false,
            "OutputLive2D": "ParamI",
            "Smoothing": 0,
            "Minimized": false
        },
        {
            "Folder": "",
            "Name": "Phoneme U",
            "Input": "VoiceU",
            "InputRangeLower": 0.0,
            "InputRangeUpper": 1.0,
            "OutputRangeLower": 0.0,
            "OutputRangeUpper": 1.0,
            "ClampInput": false,
            "ClampOutput": false,
            "UseBlinking": false,
            "UseBreathing": false,
            "OutputLive2D": "ParamU",
            "Smoothing": 0,
            "Minimized": false
        },
        {
            "Folder": "",
            "Name": "Phoneme E",
            "Input": "VoiceE",
            "InputRangeLower": 0.0,
            "InputRangeUpper": 1.0,
            "OutputRangeLower": 0.0,
            "OutputRangeUpper": 1.0,
            "ClampInput": false,
            "ClampOutput": false,
            "UseBlinking": false,
            "UseBreathing": false,
            "OutputLive2D": "ParamE",
            "Smoothing": 0,
            "Minimized": false
        },
        {
            "Folder": "",
            "Name": "Phoneme O",
            "Input": "VoiceO",
            "InputRangeLower": 0.0,
            "InputRangeUpper": 1.0,
            "OutputRangeLower": 0.0,
            "OutputRangeUpper": 1.0,
            "ClampInput": false,
            "ClampOutput": false,
            "UseBlinking": false,
            "UseBreathing": false,
            "OutputLive2D": "ParamO",
            "Smoothing": 0,
            "Minimized": false
        }
    ],
    "Hotkeys": [],
    "HotkeySettings": {
        "UseOnScreenHotkeys": false,
        "UseKeyboardHotkeys": true,
        "SendOnScreenHotkeysToPC": true,
        "OnScreenHotkeyAlpha": 75
    },
    "ArtMeshDetails": {
        "ArtMeshesExcludedFromPinning": [],
        "ArtMeshesThatDeleteItemsOnDrop": [],
        "ArtMeshSceneLightingMultipliers": [],
        "ArtMeshMultiplyAndScreenColors": []
    },
    "ParameterCustomization": {
        "ParametersExcludedFromVNetSmoothing": []
    },
    "PhysicsCustomizationSettings": {
        "PhysicsMultipliersPerPhysicsGroup": [],
        "WindMultipliersPerPhysicsGroup": [],
        "DraggingPhysicsMultipliersPerPhysicsGroup": []
    },
    "FolderInfo": {
        "HotkeyFolders": [],
        "ConfigItemFolders": []
    },
    "SavedActiveExpressions": []
}